{
    "bad_apple": {
        "subtitle":"Bad Apple",
        "sounds":[
            {
                "name":"ipgas_music_discs:bad_apple",
                "stream":true
            }
        ]
    },
    "bikini_grell": {
        "subtitle":"Bikini Grell",
        "sounds":[
            {
                "name":"ipgas_music_discs:bikini_grell",
                "stream":true
            }
        ]
    },
    "chabos_wissen_wer_der_babo_ist": {
        "subtitle":"Chabos Wissen, wer der Babo ist.",
        "sounds":[
            {
                "name":"ipgas_music_discs:chabos_wissen_wer_der_babo_ist",
                "stream":true
            }
        ]
    },
    "einkaufskorb": {
        "subtitle":"Ens Käufens und ens Einkaufskorb",
        "sounds":[
            {
                "name":"ipgas_music_discs:einkaufskorb",
                "stream":true
            }
        ]
    },
    "four_chords": {
        "subtitle":"4 Chords",
        "sounds":[
            {
                "name":"ipgas_music_discs:four_chords",
                "stream":true
            }
        ]
    },
    "gone_angels": {
        "subtitle":"Gone Angels",
        "sounds":[
            {
                "name":"ipgas_music_discs:gone_angels",
                "stream":true
            }
        ]
    },
    "hello_ai": {
        "subtitle":"Hello AI",
        "sounds":[
            {
                "name":"ipgas_music_discs:hello_ai",
                "stream":true
            }
        ]
    },
    "helpy_loves_you": {
        "subtitle":"Helpy Loves You",
        "sounds":[
            {
                "name":"ipgas_music_discs:helpy_loves_you",
                "stream":true
            }
        ]
    },
    "hero": {
        "subtitle":"Hero",
        "sounds":[
            {
                "name":"ipgas_music_discs:hero",
                "stream":true
            }
        ]
    },
    "iris_out": {
        "subtitle":"Iris Out",
        "sounds":[
            {
                "name":"ipgas_music_discs:iris_out",
                "stream":true
            }
        ]
    },
    "max_verstappen": {
        "subtitle":"Max Verstappen",
        "sounds":[
            {
                "name":"ipgas_music_discs:max_verstappen",
                "stream":true
            }
        ]
    },
    "megalovania": {
        "subtitle":"Megalovania",
        "sounds":[
            {
                "name":"ipgas_music_discs:megalovania",
                "stream":true
            }
        ]
    },
    "mii_channel": {
        "subtitle":"Mii Channel Theme",
        "sounds":[
            {
                "name":"ipgas_music_discs:mii_channel",
                "stream":true
            }
        ]
    },
    "new_horizons": {
        "subtitle":"Animal Crossing: New Horizons Theme",
        "sounds":[
            {
                "name":"ipgas_music_discs:new_horizons",
                "stream":true
            }
        ]
    },
    "radw": {
        "subtitle":"Rücken an der Wand",
        "sounds":[
            {
                "name":"ipgas_music_discs:radw",
                "stream":true
            }
        ]
    },
    "tempered_glass": {
        "subtitle":"Tempered Glass Windows",
        "sounds":[
            {
                "name":"ipgas_music_discs:tempered_glass_windows",
                "stream":true
            }
        ]
    },
    "tiantian": {
        "subtitle":"Tian Tian",
        "sounds":[
            {
                "name":"ipgas_music_discs:tiantian",
                "stream":true
            }
        ]
    }
}