{
    "chabos_wissen_wer_der_babo_ist": {
        "subtitle":"Chabos Wissen, wer der Babo ist.",
        "sounds":[
            {
                "name":"ipgas_music_discs:chabos_wissen_wer_der_babo_ist",
                "stream":true
            }
        ]
    },
    "hello_ai": {
        "subtitle":"Hello AI",
        "sounds":[
            {
                "name":"ipgas_music_discs:hello_ai",
                "stream":true
            }
        ]
    },
    "helpy_loves_you": {
        "subtitle":"Helpy Loves You",
        "sounds":[
            {
                "name":"ipgas_music_discs:helpy_loves_you",
                "stream":true
            }
        ]
    },
    "max_verstappen": {
        "subtitle":"Max Verstappen",
        "sounds":[
            {
                "name":"ipgas_music_discs:max_verstappen",
                "stream":true
            }
        ]
    },
    "megalovania": {
        "subtitle":"Megalovania",
        "sounds":[
            {
                "name":"ipgas_music_discs:megalovania",
                "stream":true
            }
        ]
    },
    "new_horizons": {
        "subtitle":"Animal Crossing: New Horizons Theme",
        "sounds":[
            {
                "name":"ipgas_music_discs:new_horizons",
                "stream":true
            }
        ]
    },
    "tempered_glass": {
        "subtitle":"Tempered Glass Windows",
        "sounds":[
            {
                "name":"ipgas_music_discs:tempered_glass_windows",
                "stream":true
            }
        ]
    }
}