{
	"format_version": "1.9.0",
	"credit": "Made with Blockbench",
	"textures": {
		"0": "block/weed_leaf",
		"1": "block/weed_stem",
		"particle": "block/weed_leaf"
	},
	"elements": [
		{
			"from": [0, 0, 8],
			"to": [16, 16, 8],
			"rotation": {"angle": -45, "axis": "y", "origin": [8, 0, 8]},
			"faces": {
				"north": {"uv": [0, 0, 16, 15], "texture": "#1"},
				"east": {"uv": [0, 0, 0, 15], "texture": "#1"},
				"south": {"uv": [0, 0, 16, 16], "texture": "#1"},
				"west": {"uv": [0, 0, 0, 15], "texture": "#1"},
				"up": {"uv": [0, 0, 16, 0], "texture": "#1"},
				"down": {"uv": [0, 0, 16, 0], "texture": "#1"}
			}
		},
		{
			"from": [8, 0, 0],
			"to": [8, 16, 16],
			"rotation": {"angle": -45, "axis": "y", "origin": [8, 0, 8]},
			"faces": {
				"north": {"uv": [0, 0, 0, 15], "texture": "#1"},
				"east": {"uv": [0, 0, 16, 15], "texture": "#1"},
				"south": {"uv": [0, 0, 0, 15], "texture": "#1"},
				"west": {"uv": [0, 0, 16, 16], "texture": "#1"},
				"up": {"uv": [0, 0, 16, 0], "rotation": 90, "texture": "#1"},
				"down": {"uv": [0, 0, 16, 0], "rotation": 270, "texture": "#1"}
			}
		},
		{
			"from": [6, 12, -1],
			"to": [22, 12, 15],
			"rotation": {"angle": -45, "axis": "z", "origin": [8, 12, 7]},
			"faces": {
				"north": {"uv": [0, 0, 0, 16], "rotation": 270, "texture": "#0"},
				"east": {"uv": [0, 0, 0, 16], "rotation": 90, "texture": "#0"},
				"south": {"uv": [0, 0, 0, 16], "rotation": 90, "texture": "#0"},
				"west": {"uv": [0, 0, 0, 16], "rotation": 90, "texture": "#0"},
				"up": {"uv": [0, 0, 16, 16], "rotation": 90, "texture": "#0"},
				"down": {"uv": [0, 0, 16, 16], "rotation": 90, "texture": "#0"}
			}
		},
		{
			"from": [-6, 8, -2],
			"to": [10, 8, 14],
			"rotation": {"angle": 22.5, "axis": "z", "origin": [8, 8, 6]},
			"faces": {
				"north": {"uv": [0, 0, 0, 16], "rotation": 90, "texture": "#0"},
				"east": {"uv": [0, 0, 0, 16], "rotation": 270, "texture": "#0"},
				"south": {"uv": [0, 0, 0, 16], "rotation": 270, "texture": "#0"},
				"west": {"uv": [0, 0, 0, 16], "rotation": 270, "texture": "#0"},
				"up": {"uv": [0, 0, 16, 16], "rotation": 270, "texture": "#0"},
				"down": {"uv": [0, 0, 16, 16], "rotation": 270, "texture": "#0"}
			}
		},
		{
			"from": [-1, -8, 8],
			"to": [15, 8, 8],
			"rotation": {"angle": -45, "axis": "x", "origin": [7, 6, 8]},
			"faces": {
				"north": {"uv": [0, 0, 16, 16], "rotation": 180, "texture": "#0"},
				"east": {"uv": [0, 0, 0, 16], "rotation": 180, "texture": "#0"},
				"south": {"uv": [0, 0, 16, 16], "rotation": 180, "texture": "#0"},
				"west": {"uv": [0, 0, 0, 16], "rotation": 180, "texture": "#0"},
				"up": {"uv": [0, 0, 0, 16], "rotation": 90, "texture": "#0"},
				"down": {"uv": [0, 0, 0, 16], "rotation": 270, "texture": "#0"}
			}
		},
		{
			"from": [0, -1, 8],
			"to": [16, 15, 8],
			"rotation": {"angle": 22.5, "axis": "x", "origin": [8, 13, 8]},
			"faces": {
				"north": {"uv": [0, 0, 16, 16], "rotation": 180, "texture": "#0"},
				"east": {"uv": [0, 0, 0, 16], "rotation": 180, "texture": "#0"},
				"south": {"uv": [0, 0, 16, 16], "rotation": 180, "texture": "#0"},
				"west": {"uv": [0, 0, 0, 16], "rotation": 180, "texture": "#0"},
				"up": {"uv": [0, 0, 0, 16], "rotation": 90, "texture": "#0"},
				"down": {"uv": [0, 0, 0, 16], "rotation": 270, "texture": "#0"}
			}
		}
	]
}